"","varK_RH","varK_AGB","varK_LA","varK_SLA","varK_LDMC","varK_FvFm","varK_PI","varK_SPS","varK_SPI"
"Ba",NA,NA,NA,NA,NA,NA,NA,NA,NA
"Bo",NA,NA,NA,NA,NA,NA,NA,NA,NA
"Di",NA,NA,NA,NA,NA,NA,NA,NA,NA
"Eh",NA,NA,NA,NA,NA,NA,NA,NA,NA
"Er",NA,NA,NA,NA,NA,NA,NA,NA,NA
"Gr",NA,NA,NA,NA,NA,NA,NA,NA,NA
"Ha",NA,NA,NA,NA,NA,NA,NA,NA,NA
"If",NA,NA,NA,NA,NA,NA,NA,NA,NA
"KW",NA,NA,NA,NA,NA,NA,NA,NA,NA
"Ni",NA,NA,NA,NA,NA,NA,NA,NA,NA
"Sa",NA,NA,NA,NA,NA,NA,NA,NA,NA
"St",NA,NA,NA,NA,NA,NA,NA,NA,NA
"Wo",NA,NA,NA,NA,NA,NA,NA,NA,NA
